etat_de_route,marque_de_voiture,carburant,turbo,nombre_portes,type_vehicule,transmission,emplacement_moteur,empattement,longueur_voiture,largeur_voiture,hauteur_voiture,poids_vehicule,type_moteur,nombre_cylindres,taille_moteur,systeme_carburant,taux_al√©sage,course,taux_compression,chevaux,tour_moteur,consommation_ville,consommation_autoroute,prix
3,alfa-romero,gas,std,two,convertible,rwd,front,225.04399999999998,428.752,162.814,123.952,1155.752416,dohc,four,2130.31832,mpfi,88.138,68.072,9.0,111,5000,11.200476190476191,8.711481481481481,13495.0
3,alfa-romero,gas,std,two,convertible,rwd,front,225.04399999999998,428.752,162.814,123.952,1155.752416,dohc,four,2130.31832,mpfi,88.138,68.072,9.0,111,5000,11.200476190476191,8.711481481481481,16500.0
1,alfa-romero,gas,std,two,hatchback,rwd,front,240.03,434.84799999999996,166.37,133.096,1280.490216,ohcv,six,2490.8337279999996,mpfi,68.072,88.138,9.0,154,5000,12.379473684210527,9.046538461538463,16500.0
2,audi,gas,std,four,sedan,fwd,front,253.492,448.56399999999996,168.148,137.922,1060.044504,ohc,four,1786.189976,mpfi,81.026,86.36,10.0,102,5500,9.800416666666667,7.840333333333334,13950.0
2,audi,gas,std,four,sedan,4wd,front,252.47600000000003,448.56399999999996,168.656,137.922,1280.943808,ohc,five,2228.640704,mpfi,81.026,86.36,8.0,115,5500,13.067222222222222,10.691363636363636,17450.0
2,audi,gas,std,two,sedan,fwd,front,253.492,450.34200000000004,168.402,134.874,1137.155144,ohc,five,2228.640704,mpfi,81.026,86.36,8.5,110,5500,12.379473684210527,9.4084,15250.0
1,audi,gas,std,four,sedan,fwd,front,268.73199999999997,489.45799999999997,181.35600000000002,141.478,1290.015648,ohc,five,2228.640704,mpfi,81.026,86.36,8.5,110,5500,12.379473684210527,9.4084,17710.0
1,audi,gas,std,four,wagon,fwd,front,268.73199999999997,489.45799999999997,181.35600000000002,141.478,1339.910768,ohc,five,2228.640704,mpfi,81.026,86.36,8.5,110,5500,12.379473684210527,9.4084,18920.0
1,audi,gas,turbo,four,sedan,fwd,front,268.73199999999997,489.45799999999997,181.35600000000002,141.986,1399.784912,ohc,five,2146.705384,mpfi,79.502,86.36,8.3,140,5500,13.835882352941177,11.7605,23875.0
0,audi,gas,turbo,two,hatchback,4wd,front,252.73,452.628,172.466,132.08,1384.816376,ohc,five,2146.705384,mpfi,79.502,86.36,7.0,160,5500,14.700625,10.691363636363636,17859.167
2,bmw,gas,std,two,sedan,rwd,front,257.048,449.07200000000006,164.59199999999998,137.922,1086.35284,ohc,four,1769.8029119999999,mpfi,88.89999999999999,71.11999999999999,8.8,101,5800,10.226521739130435,8.110689655172415,16430.0
0,bmw,gas,std,four,sedan,rwd,front,257.048,449.07200000000006,164.59199999999998,137.922,1086.35284,ohc,four,1769.8029119999999,mpfi,88.89999999999999,71.11999999999999,8.8,101,5800,10.226521739130435,8.110689655172415,16925.0
0,bmw,gas,std,two,sedan,rwd,front,257.048,449.07200000000006,164.59199999999998,137.922,1229.23432,ohc,six,2687.4784959999997,mpfi,84.074,81.026,9.0,121,4250,11.200476190476191,8.400357142857143,20970.0
0,bmw,gas,std,four,sedan,rwd,front,257.048,449.07200000000006,164.59199999999998,137.922,1254.18188,ohc,six,2687.4784959999997,mpfi,84.074,81.026,9.0,121,4250,11.200476190476191,8.400357142857143,21105.0
1,bmw,gas,std,four,sedan,rwd,front,262.89,480.06,169.92600000000002,141.478,1385.72356,ohc,six,2687.4784959999997,mpfi,84.074,81.026,9.0,121,4250,11.7605,9.4084,24565.0
0,bmw,gas,std,four,sedan,rwd,front,262.89,480.06,169.92600000000002,141.478,1465.10216,ohc,six,3424.8963759999997,mpfi,91.948,86.106,8.0,182,5400,14.700625,10.691363636363636,30760.0
0,bmw,gas,std,two,sedan,rwd,front,262.89,492.252,172.466,136.398,1533.14096,ohc,six,3424.8963759999997,mpfi,91.948,86.106,8.0,182,5400,14.700625,10.691363636363636,41315.0
0,bmw,gas,std,four,sedan,rwd,front,279.4,500.38,180.086,143.00199999999998,1589.83996,ohc,six,3424.8963759999997,mpfi,91.948,86.106,8.0,182,5400,15.680666666666667,11.7605,36880.0
2,chevrolet,gas,std,two,hatchback,fwd,front,224.53600000000003,358.394,153.162,135.12800000000001,674.944896,l,three,999.6109039999999,2bbl,73.914,76.96199999999999,9.5,48,5100,5.004468085106383,4.437924528301887,5151.0
1,chevrolet,gas,std,two,hatchback,fwd,front,240.03,395.98600000000005,161.544,132.08,850.0314079999999,ohc,four,1474.83576,2bbl,76.96199999999999,78.99399999999999,9.6,70,5400,6.189736842105264,5.47,6295.0
0,chevrolet,gas,std,four,sedan,fwd,front,240.03,403.35200000000003,161.544,132.08,865.907128,ohc,four,1474.83576,2bbl,76.96199999999999,78.99399999999999,9.6,70,5400,6.189736842105264,5.47,6575.0
1,dodge,gas,std,two,hatchback,fwd,front,237.99800000000002,399.54200000000003,162.052,129.03199999999998,850.938592,ohc,four,1474.83576,2bbl,75.438,82.042,9.41,68,5500,6.357027027027027,5.736829268292683,5572.0
1,dodge,gas,std,two,hatchback,fwd,front,237.99800000000002,399.54200000000003,162.052,129.03199999999998,850.938592,ohc,four,1474.83576,2bbl,75.438,82.042,9.4,68,5500,7.58741935483871,6.189736842105264,6377.0
1,dodge,gas,turbo,two,hatchback,fwd,front,237.99800000000002,399.54200000000003,162.052,129.03199999999998,965.243776,ohc,four,1605.9322719999998,mpfi,76.96199999999999,86.106,7.6,102,5500,9.800416666666667,7.840333333333334,7957.0
1,dodge,gas,std,four,hatchback,fwd,front,237.99800000000002,399.54200000000003,162.052,128.524,892.215464,ohc,four,1474.83576,2bbl,75.438,82.042,9.4,68,5500,7.58741935483871,6.189736842105264,6229.0
1,dodge,gas,std,four,sedan,fwd,front,237.99800000000002,399.54200000000003,162.052,128.524,902.194488,ohc,four,1474.83576,2bbl,75.438,82.042,9.4,68,5500,7.58741935483871,6.189736842105264,6692.0
1,dodge,gas,std,four,sedan,fwd,front,237.99800000000002,399.54200000000003,162.052,128.524,902.194488,ohc,four,1474.83576,2bbl,75.438,82.042,9.4,68,5500,7.58741935483871,6.189736842105264,7609.0
1,dodge,gas,turbo,two,sedan,fwd,front,237.99800000000002,399.54200000000003,162.052,128.524,993.820072,ohc,four,1605.9322719999998,mpfi,76.96199999999999,86.106,7.6,102,5500,9.800416666666667,7.840333333333334,8558.0
-1,dodge,gas,std,four,wagon,fwd,front,262.382,443.484,164.08399999999997,151.892,1149.85572,ohc,four,1999.2218079999998,2bbl,84.836,87.884,8.5,88,5000,9.800416666666667,7.840333333333334,8921.0
3,dodge,gas,turbo,two,hatchback,fwd,front,243.586,439.928,168.402,127.50800000000001,1275.047112,ohc,four,2556.3819839999996,mfi,91.44,99.05999999999999,7.0,145,5000,12.379473684210527,9.800416666666667,12964.0
2,honda,gas,std,two,hatchback,fwd,front,219.964,367.284,162.306,129.03199999999998,777.003096,ohc,four,1507.609888,1bbl,73.914,86.614,9.6,58,4800,4.800204081632653,4.355740740740741,6479.0
2,honda,gas,std,two,hatchback,fwd,front,219.964,367.284,162.306,129.03199999999998,825.083848,ohc,four,1507.609888,1bbl,73.914,86.614,9.2,76,6000,7.58741935483871,6.189736842105264,6855.0
1,honda,gas,std,two,hatchback,fwd,front,237.99800000000002,381.0,162.56,133.604,833.248504,ohc,four,1294.5780559999998,1bbl,73.914,77.978,10.1,60,5500,6.189736842105264,5.600238095238096,5399.0
1,honda,gas,std,two,hatchback,fwd,front,237.99800000000002,381.0,162.56,133.604,879.96848,ohc,four,1507.609888,1bbl,73.914,86.614,9.2,76,6000,7.840333333333334,6.917941176470588,6529.0
1,honda,gas,std,two,hatchback,fwd,front,237.99800000000002,381.0,162.56,133.604,887.225952,ohc,four,1507.609888,1bbl,73.914,86.614,9.2,76,6000,7.840333333333334,6.917941176470588,7129.0
0,honda,gas,std,four,sedan,fwd,front,245.11,415.036,162.56,138.43,911.71992,ohc,four,1507.609888,1bbl,73.914,86.614,9.2,76,6000,7.840333333333334,6.917941176470588,7295.0
0,honda,gas,std,four,wagon,fwd,front,245.11,399.034,162.306,148.082,918.070208,ohc,four,1507.609888,1bbl,74.16799999999999,86.614,9.2,76,6000,7.840333333333334,6.917941176470588,7295.0
0,honda,gas,std,two,hatchback,fwd,front,245.11,425.45,165.608,135.382,1014.231712,ohc,four,1802.57704,1bbl,80.00999999999999,90.932,9.0,86,5800,8.711481481481481,7.127575757575758,7895.0
0,honda,gas,std,two,hatchback,fwd,front,245.11,425.45,165.608,135.382,1038.272088,ohc,four,1802.57704,1bbl,80.00999999999999,90.932,9.0,86,5800,8.711481481481481,7.127575757575758,9095.0
0,honda,gas,std,four,sedan,fwd,front,245.11,445.516,165.608,137.41400000000002,1045.075968,ohc,four,1802.57704,1bbl,80.00999999999999,90.932,9.0,86,5800,8.711481481481481,7.127575757575758,8845.0
0,honda,gas,std,four,sedan,fwd,front,245.11,445.516,158.75,137.41400000000002,1075.920224,ohc,four,1802.57704,1bbl,80.00999999999999,90.932,9.0,86,5800,8.711481481481481,7.127575757575758,10295.0
0,honda,gas,std,four,sedan,fwd,front,245.11,445.516,165.608,137.41400000000002,1118.10428,ohc,four,1802.57704,mpfi,80.00999999999999,90.932,9.0,101,5800,9.800416666666667,8.400357142857143,12945.0
1,honda,gas,std,two,sedan,fwd,front,245.11,429.514,167.64000000000001,129.54,1040.086456,ohc,four,1802.57704,2bbl,80.00999999999999,90.932,9.1,100,5500,9.4084,7.58741935483871,10345.0
0,isuzu,gas,std,four,sedan,rwd,front,239.522,433.578,156.972,135.89000000000001,1060.044504,ohc,four,1818.964104,2bbl,84.074,82.042,8.5,78,4800,9.800416666666667,8.110689655172415,6785.0
1,isuzu,gas,std,two,sedan,fwd,front,240.03,395.98600000000005,161.544,132.08,850.0314079999999,ohc,four,1474.83576,2bbl,76.96199999999999,78.99399999999999,9.6,70,5400,6.189736842105264,5.47,8916.5
0,isuzu,gas,std,four,sedan,fwd,front,240.03,395.98600000000005,161.544,132.08,865.907128,ohc,four,1474.83576,2bbl,76.96199999999999,78.99399999999999,9.6,70,5400,6.189736842105264,5.47,8916.5
2,isuzu,gas,std,two,hatchback,rwd,front,243.84,438.404,165.608,130.556,1240.120528,ohc,four,1950.0606159999998,spfi,87.122,82.042,9.2,90,5000,9.800416666666667,8.110689655172415,11048.0
0,jaguar,gas,std,four,sedan,rwd,front,287.02,506.984,176.784,134.112,1844.3050719999999,dohc,six,4227.862512,mpfi,92.202,105.91799999999999,8.1,176,4750,15.680666666666667,12.379473684210527,32250.0
0,jaguar,gas,std,four,sedan,rwd,front,287.02,506.984,176.784,134.112,1844.3050719999999,dohc,six,4227.862512,mpfi,92.202,105.91799999999999,8.1,176,4750,15.680666666666667,12.379473684210527,35550.0
0,jaguar,gas,std,two,sedan,rwd,front,259.08,486.91799999999995,179.32399999999998,121.41199999999999,1791.6884,ohcv,twelve,5342.182863999999,mpfi,89.916,70.10399999999998,11.5,262,5000,18.093076923076925,13.835882352941177,36000.0
1,mazda,gas,std,two,hatchback,fwd,front,236.474,404.114,163.068,137.41400000000002,857.28888,ohc,four,1491.222824,2bbl,76.96199999999999,80.00999999999999,9.0,68,5000,7.840333333333334,7.58741935483871,5195.0
1,mazda,gas,std,two,hatchback,fwd,front,236.474,404.114,163.068,137.41400000000002,861.8248,ohc,four,1491.222824,2bbl,76.96199999999999,80.00999999999999,9.0,68,5000,7.58741935483871,6.189736842105264,6095.0
1,mazda,gas,std,two,hatchback,fwd,front,236.474,404.114,163.068,137.41400000000002,864.09276,ohc,four,1491.222824,2bbl,76.96199999999999,80.00999999999999,9.0,68,5000,7.58741935483871,6.189736842105264,6795.0
1,mazda,gas,std,four,sedan,fwd,front,236.474,423.672,163.068,137.41400000000002,882.23644,ohc,four,1491.222824,2bbl,76.96199999999999,80.00999999999999,9.0,68,5000,7.58741935483871,6.189736842105264,6695.0
1,mazda,gas,std,four,sedan,fwd,front,236.474,423.672,163.068,137.41400000000002,884.5044,ohc,four,1491.222824,2bbl,78.232,80.00999999999999,9.0,68,5000,7.58741935483871,6.189736842105264,7395.0
3,mazda,gas,std,two,hatchback,rwd,front,242.06199999999998,429.26,166.87800000000001,125.98400000000001,1079.54896,rotor,two,1147.09448,4bbl,84.582,82.67699999999999,9.4,101,6000,13.835882352941177,10.226521739130435,10945.0
3,mazda,gas,std,two,hatchback,rwd,front,242.06199999999998,429.26,166.87800000000001,125.98400000000001,1079.54896,rotor,two,1147.09448,4bbl,84.582,82.67699999999999,9.4,101,6000,13.835882352941177,10.226521739130435,11845.0
3,mazda,gas,std,two,hatchback,rwd,front,242.06199999999998,429.26,166.87800000000001,125.98400000000001,1081.81692,rotor,two,1147.09448,4bbl,84.582,82.67699999999999,9.4,101,6000,13.835882352941177,10.226521739130435,13645.0
3,mazda,gas,std,two,hatchback,rwd,front,242.06199999999998,429.26,166.87800000000001,125.98400000000001,1133.98,rotor,two,1310.9651199999998,mpfi,84.582,82.67699999999999,9.4,135,6000,14.700625,10.226521739130435,15645.0
1,mazda,gas,std,two,hatchback,fwd,front,250.952,451.612,168.91,136.398,1081.81692,ohc,four,1999.2218079999998,2bbl,86.106,86.106,8.6,84,4800,9.046538461538463,7.3503125,8845.0
0,mazda,gas,std,four,sedan,fwd,front,250.952,451.612,168.91,140.97,1093.15672,ohc,four,1999.2218079999998,2bbl,86.106,86.106,8.6,84,4800,9.046538461538463,7.3503125,8495.0
1,mazda,gas,std,two,hatchback,fwd,front,250.952,451.612,168.91,136.398,1081.81692,ohc,four,1999.2218079999998,2bbl,86.106,86.106,8.6,84,4800,9.046538461538463,7.3503125,10595.0
0,mazda,gas,std,four,sedan,fwd,front,250.952,451.612,168.91,140.97,1093.15672,ohc,four,1999.2218079999998,2bbl,86.106,86.106,8.6,84,4800,9.046538461538463,7.3503125,10245.0
0,mazda,diesel,std,four,sedan,fwd,front,250.952,451.612,168.91,140.97,1108.125256,ohc,four,1999.2218079999998,idi,86.106,86.106,22.7,64,4650,6.533611111111111,5.600238095238096,10795.0
0,mazda,gas,std,four,hatchback,fwd,front,250.952,451.612,168.91,140.97,1099.9605999999999,ohc,four,1999.2218079999998,2bbl,86.106,86.106,8.6,84,4800,9.046538461538463,7.3503125,11245.0
0,mazda,gas,std,four,sedan,rwd,front,266.446,444.5,167.89399999999998,138.176,1211.09064,ohc,four,2294.18896,mpfi,95.50399999999999,80.264,8.0,120,5000,12.379473684210527,8.711481481481481,18280.0
0,mazda,diesel,std,four,sedan,rwd,front,266.446,444.5,167.89399999999998,138.176,1224.6984,ohc,four,2195.866576,idi,87.122,92.456,22.0,72,4200,7.58741935483871,6.031025641025641,18344.0
-1,buick,diesel,turbo,four,sedan,rwd,front,279.4,484.886,178.56199999999998,143.51,1594.37588,ohc,five,2998.832712,idi,90.932,92.456,21.5,123,4350,10.691363636363636,9.4084,25552.0
-1,buick,diesel,turbo,four,wagon,rwd,front,279.4,484.886,178.56199999999998,149.098,1700.97,ohc,five,2998.832712,idi,90.932,92.456,21.5,123,4350,10.691363636363636,9.4084,28248.0
0,buick,diesel,turbo,two,hardtop,rwd,front,271.01800000000003,476.25,178.56199999999998,139.446,1585.30404,ohc,five,2998.832712,idi,90.932,92.456,21.5,123,4350,10.691363636363636,9.4084,28176.0
-1,buick,diesel,turbo,four,sedan,rwd,front,293.62399999999997,514.604,182.11800000000002,143.00199999999998,1710.04184,ohc,five,2998.832712,idi,90.932,92.456,21.5,123,4350,10.691363636363636,9.4084,31600.0
-1,buick,gas,std,four,sedan,rwd,front,293.62399999999997,514.604,182.11800000000002,143.51,1696.43408,ohcv,eight,3834.572976,mpfi,87.884,78.74,8.3,155,4750,14.700625,13.067222222222222,34184.0
3,buick,gas,std,two,convertible,rwd,front,245.36399999999998,457.96200000000005,179.07,129.03199999999998,1671.48652,ohcv,eight,3834.572976,mpfi,87.884,78.74,8.3,155,4750,14.700625,13.067222222222222,35056.0
0,buick,gas,std,four,sedan,rwd,front,307.086,528.574,182.11800000000002,144.018,1769.0088,ohcv,eight,5047.215711999999,mpfi,96.52,85.09,8.0,184,4500,16.800714285714285,14.700625,40960.0
1,buick,gas,std,two,hardtop,rwd,front,284.48,505.96799999999996,182.88,140.716,1685.09428,ohcv,eight,4981.667455999999,mpfi,96.52,85.09,8.0,184,4500,16.800714285714285,14.700625,45400.0
1,mercury,gas,turbo,two,hatchback,rwd,front,260.858,453.136,172.72,139.192,1319.95272,ohc,four,2294.18896,mpfi,96.01199999999999,79.248,8.0,175,5000,12.379473684210527,9.800416666666667,16503.0
2,mitsubishi,gas,std,two,hatchback,fwd,front,237.99800000000002,399.54200000000003,163.57600000000002,129.03199999999998,869.989456,ohc,four,1507.609888,2bbl,75.438,82.042,9.4,68,5500,6.357027027027027,5.736829268292683,5389.0
2,mitsubishi,gas,std,two,hatchback,fwd,front,237.99800000000002,399.54200000000003,163.57600000000002,129.03199999999998,881.782848,ohc,four,1507.609888,2bbl,75.438,82.042,9.4,68,5500,7.58741935483871,6.189736842105264,6189.0
2,mitsubishi,gas,std,two,hatchback,fwd,front,237.99800000000002,399.54200000000003,163.57600000000002,129.03199999999998,908.998368,ohc,four,1507.609888,2bbl,75.438,82.042,9.4,68,5500,7.58741935483871,6.189736842105264,6669.0
1,mitsubishi,gas,turbo,two,hatchback,fwd,front,236.22,399.54200000000003,162.052,129.03199999999998,972.95484,ohc,four,1605.9322719999998,spdi,76.96199999999999,86.106,7.6,102,5500,9.800416666666667,7.840333333333334,7689.0
3,mitsubishi,gas,turbo,two,hatchback,fwd,front,244.602,439.42,166.116,125.476,1075.01304,ohc,four,1802.57704,spdi,80.518,87.884,7.5,116,5500,10.226521739130435,7.840333333333334,9959.0
3,mitsubishi,gas,std,two,hatchback,fwd,front,244.602,439.42,166.116,125.476,1055.962176,ohc,four,1999.2218079999998,2bbl,85.09,87.884,8.5,88,5000,9.4084,7.3503125,8499.0
3,mitsubishi,gas,turbo,two,hatchback,fwd,front,243.586,439.928,168.402,127.50800000000001,1285.026136,ohc,four,2556.3819839999996,spdi,90.932,98.044,7.0,145,5000,12.379473684210527,9.800416666666667,12629.0
3,mitsubishi,gas,turbo,two,hatchback,fwd,front,243.586,439.928,168.402,127.50800000000001,1324.9422319999999,ohc,four,2556.3819839999996,spdi,91.18599999999999,98.044,7.0,145,5000,12.379473684210527,9.800416666666667,14869.0
3,mitsubishi,gas,turbo,two,hatchback,fwd,front,243.586,439.928,168.402,127.50800000000001,1327.210192,ohc,four,2556.3819839999996,spdi,91.18599999999999,98.044,7.0,145,5000,12.379473684210527,9.800416666666667,14489.0
1,mitsubishi,gas,std,four,sedan,fwd,front,244.602,437.896,166.116,131.064,1072.74508,ohc,four,1999.2218079999998,2bbl,85.09,87.884,8.5,88,5000,9.4084,7.3503125,6989.0
1,mitsubishi,gas,std,four,sedan,fwd,front,244.602,437.896,166.116,131.064,1090.88876,ohc,four,1999.2218079999998,2bbl,85.09,87.884,8.5,88,5000,9.4084,7.3503125,8189.0
1,mitsubishi,gas,turbo,four,sedan,fwd,front,244.602,437.896,166.116,131.064,1089.981576,ohc,four,1802.57704,spdi,80.518,87.884,7.5,116,5500,10.226521739130435,7.840333333333334,9279.0
-1,mitsubishi,gas,std,four,sedan,fwd,front,244.602,437.896,166.116,131.064,1089.981576,ohc,four,1802.57704,spdi,80.518,87.884,7.5,116,5500,10.226521739130435,7.840333333333334,9279.0
1,nissan,gas,std,two,sedan,fwd,front,240.03,419.862,162.052,138.43,856.835288,ohc,four,1589.5452079999998,2bbl,80.00999999999999,83.566,9.4,69,5200,7.58741935483871,6.357027027027027,5499.0
1,nissan,diesel,std,two,sedan,fwd,front,240.03,419.862,162.052,138.43,914.8950639999999,ohc,four,1687.8675919999998,idi,75.946,88.138,21.9,55,4800,5.226888888888889,4.7042,7099.0
1,nissan,gas,std,two,sedan,fwd,front,240.03,419.862,162.052,138.43,869.989456,ohc,four,1589.5452079999998,2bbl,80.00999999999999,83.566,9.4,69,5200,7.58741935483871,6.357027027027027,6649.0
1,nissan,gas,std,four,sedan,fwd,front,240.03,419.862,162.052,138.43,879.061296,ohc,four,1589.5452079999998,2bbl,80.00999999999999,83.566,9.4,69,5200,7.58741935483871,6.357027027027027,6849.0
1,nissan,gas,std,four,wagon,fwd,front,240.03,432.308,162.052,135.89000000000001,918.070208,ohc,four,1589.5452079999998,2bbl,80.00999999999999,83.566,9.4,69,5200,7.58741935483871,6.357027027027027,7349.0
1,nissan,gas,std,two,sedan,fwd,front,240.03,419.862,162.052,138.43,884.957992,ohc,four,1589.5452079999998,2bbl,80.00999999999999,83.566,9.4,69,5200,7.58741935483871,6.357027027027027,7299.0
1,nissan,gas,std,two,hatchback,fwd,front,240.03,420.62399999999997,162.052,135.382,919.884576,ohc,four,1589.5452079999998,2bbl,80.00999999999999,83.566,9.4,69,5200,7.58741935483871,6.357027027027027,7799.0
1,nissan,gas,std,four,sedan,fwd,front,240.03,419.862,162.052,138.43,894.0298319999999,ohc,four,1589.5452079999998,2bbl,80.00999999999999,83.566,9.4,69,5200,7.58741935483871,6.357027027027027,7499.0
1,nissan,gas,std,four,wagon,fwd,front,240.03,432.308,162.052,135.89000000000001,923.966904,ohc,four,1589.5452079999998,2bbl,80.00999999999999,83.566,9.4,69,5200,7.58741935483871,6.357027027027027,7999.0
2,nissan,gas,std,two,hardtop,fwd,front,241.554,412.49600000000004,162.052,135.382,910.812736,ohc,four,1589.5452079999998,2bbl,80.00999999999999,83.566,9.4,69,5200,7.58741935483871,6.357027027027027,8249.0
0,nissan,gas,std,four,hatchback,fwd,front,246.888,440.43600000000004,165.608,138.93800000000002,1054.147808,ohc,four,1966.4476799999998,2bbl,84.582,88.138,8.5,97,5200,8.711481481481481,6.917941176470588,8949.0
0,nissan,gas,std,four,sedan,fwd,front,246.888,440.43600000000004,165.608,138.93800000000002,1044.168784,ohc,four,1966.4476799999998,2bbl,84.582,88.138,8.5,97,5200,8.711481481481481,6.917941176470588,9549.0
0,nissan,gas,std,four,sedan,fwd,front,255.01600000000002,461.518,168.91,139.954,1403.86724,ohcv,six,2966.058584,mpfi,87.122,83.05799999999999,9.0,152,5200,13.835882352941177,10.691363636363636,13499.0
0,nissan,gas,std,four,wagon,fwd,front,255.01600000000002,468.884,168.91,142.494,1495.039232,ohcv,six,2966.058584,mpfi,87.122,83.05799999999999,9.0,152,5200,13.835882352941177,10.691363636363636,14399.0
0,nissan,gas,std,four,sedan,fwd,front,255.01600000000002,468.884,168.91,139.954,1387.99152,ohcv,six,2966.058584,mpfi,87.122,83.05799999999999,9.0,152,5200,12.379473684210527,9.4084,13499.0
3,nissan,gas,std,two,hatchback,rwd,front,231.902,433.578,172.466,126.23800000000001,1392.981032,ohcv,six,2966.058584,mpfi,87.122,83.05799999999999,9.0,160,5200,12.379473684210527,9.4084,17199.0
3,nissan,gas,turbo,two,hatchback,rwd,front,231.902,433.578,172.466,126.23800000000001,1423.825288,ohcv,six,2966.058584,mpfi,87.122,83.05799999999999,7.8,200,5200,13.835882352941177,10.226521739130435,19699.0
1,nissan,gas,std,two,hatchback,rwd,front,251.96800000000002,453.39,172.466,126.23800000000001,1423.825288,ohcv,six,2966.058584,mpfi,87.122,83.05799999999999,9.0,160,5200,12.379473684210527,9.4084,18399.0
0,peugeot,gas,std,four,sedan,rwd,front,274.06600000000003,474.21799999999996,173.73600000000002,144.018,1369.84784,l,four,1966.4476799999998,mpfi,87.884,81.026,8.4,97,5000,12.379473684210527,9.800416666666667,11900.0
0,peugeot,diesel,turbo,four,sedan,rwd,front,274.06600000000003,474.21799999999996,173.73600000000002,144.018,1450.133624,l,four,2490.8337279999996,idi,93.98,89.408,21.0,95,4150,8.400357142857143,7.127575757575758,13200.0
0,peugeot,gas,std,four,wagon,rwd,front,290.068,505.206,173.73600000000002,149.098,1465.10216,l,four,1966.4476799999998,mpfi,87.884,81.026,8.4,97,5000,12.379473684210527,9.800416666666667,12440.0
0,peugeot,diesel,turbo,four,wagon,rwd,front,290.068,505.206,173.73600000000002,149.098,1555.82056,l,four,2490.8337279999996,idi,93.98,89.408,21.0,95,4150,9.4084,9.4084,13860.0
0,peugeot,gas,std,four,sedan,rwd,front,274.06600000000003,474.21799999999996,173.73600000000002,144.018,1394.7954,l,four,1966.4476799999998,mpfi,87.884,55.626,8.4,95,5000,12.379473684210527,9.800416666666667,15580.0
0,peugeot,diesel,turbo,four,sedan,rwd,front,274.06600000000003,474.21799999999996,173.73600000000002,144.018,1475.081184,l,four,2490.8337279999996,idi,93.98,89.408,21.0,95,4150,8.400357142857143,7.127575757575758,16900.0
0,peugeot,gas,std,four,wagon,rwd,front,290.068,505.206,173.73600000000002,144.018,1490.04972,l,four,1966.4476799999998,mpfi,87.884,55.626,8.4,95,5000,12.379473684210527,9.800416666666667,16695.0
0,peugeot,diesel,turbo,four,wagon,rwd,front,290.068,505.206,173.73600000000002,149.098,1580.76812,l,four,2490.8337279999996,idi,93.98,89.408,21.0,95,4150,9.4084,9.4084,17075.0
0,peugeot,gas,std,four,sedan,rwd,front,274.06600000000003,474.21799999999996,173.73600000000002,144.018,1394.7954,l,four,1966.4476799999998,mpfi,87.884,81.026,8.4,97,5000,12.379473684210527,9.800416666666667,16630.0
0,peugeot,diesel,turbo,four,sedan,rwd,front,274.06600000000003,474.21799999999996,173.73600000000002,144.018,1475.081184,l,four,2490.8337279999996,idi,93.98,89.408,21.0,95,4150,8.400357142857143,7.127575757575758,17950.0
0,peugeot,gas,turbo,four,sedan,rwd,front,274.32,474.21799999999996,173.482,142.24,1419.74296,l,four,2195.866576,mpfi,91.69399999999999,81.53399999999999,7.0,142,5600,13.067222222222222,9.800416666666667,18150.0
1,plymouth,gas,std,two,hatchback,fwd,front,237.99800000000002,399.54200000000003,162.052,129.03199999999998,869.989456,ohc,four,1474.83576,2bbl,75.438,82.042,9.4,68,5500,6.357027027027027,5.736829268292683,5572.0
1,plymouth,gas,turbo,two,hatchback,fwd,front,237.99800000000002,399.54200000000003,162.052,129.03199999999998,965.243776,ohc,four,1605.9322719999998,spdi,76.96199999999999,86.106,7.6,102,5500,9.800416666666667,7.840333333333334,7957.0
1,plymouth,gas,std,four,hatchback,fwd,front,237.99800000000002,399.54200000000003,162.052,128.524,892.215464,ohc,four,1474.83576,2bbl,75.438,82.042,9.4,68,5500,7.58741935483871,6.189736842105264,6229.0
1,plymouth,gas,std,four,sedan,fwd,front,237.99800000000002,424.942,162.052,129.03199999999998,902.194488,ohc,four,1474.83576,2bbl,75.438,82.042,9.4,68,5500,7.58741935483871,6.189736842105264,6692.0
1,plymouth,gas,std,four,sedan,fwd,front,237.99800000000002,424.942,162.052,129.03199999999998,993.820072,ohc,four,1605.9322719999998,2bbl,75.438,82.042,9.4,68,5500,7.58741935483871,6.189736842105264,7609.0
-1,plymouth,gas,std,four,wagon,fwd,front,262.382,443.484,164.08399999999997,151.892,1149.85572,ohc,four,1999.2218079999998,2bbl,85.09,87.884,8.5,88,5000,9.800416666666667,7.840333333333334,8921.0
3,plymouth,gas,turbo,two,hatchback,rwd,front,243.586,439.928,168.402,127.50800000000001,1278.222256,ohc,four,2556.3819839999996,spdi,91.18599999999999,98.044,7.0,145,5000,12.379473684210527,9.800416666666667,12764.0
3,porsche,gas,std,two,hatchback,rwd,front,240.03,429.00600000000003,173.482,127.50800000000001,1260.0785759999999,ohc,four,2474.4466639999996,mpfi,100.076,78.99399999999999,9.5,143,5500,12.379473684210527,8.711481481481481,22018.0
3,porsche,gas,std,two,hardtop,rwd,rear,227.33,429.00600000000003,165.1,131.064,1250.099552,ohcf,six,3179.0904159999995,mpfi,94.996,73.66,9.5,207,5900,13.835882352941177,9.4084,32528.0
3,porsche,gas,std,two,hardtop,rwd,rear,227.33,429.00600000000003,165.1,131.064,1250.099552,ohcf,six,3179.0904159999995,mpfi,94.996,73.66,9.5,207,5900,13.835882352941177,9.4084,34028.0
3,porsche,gas,std,two,convertible,rwd,rear,227.33,429.00600000000003,165.1,131.064,1270.0576,ohcf,six,3179.0904159999995,mpfi,94.996,73.66,9.5,207,5900,13.835882352941177,9.4084,37028.0
1,porsche,gas,std,two,hatchback,rwd,front,249.936,446.27799999999996,183.642,128.27,1526.790672,dohcv,eight,3326.5739919999996,mpfi,100.076,78.99399999999999,10.0,288,5750,13.835882352941177,8.400357142857143,31400.5
0,renault,gas,std,four,wagon,fwd,front,244.094,461.01,168.91,140.208,1169.813768,ohc,four,2163.092448,mpfi,87.884,99.05999999999999,8.7,90,5100,10.226521739130435,7.58741935483871,9295.0
2,renault,gas,std,two,hatchback,fwd,front,244.094,449.07200000000006,169.164,128.27,1115.83632,ohc,four,2163.092448,mpfi,87.884,99.05999999999999,8.7,90,5100,10.226521739130435,7.58741935483871,9895.0
3,saab,gas,std,two,hatchback,fwd,front,251.714,473.964,168.91,142.494,1205.647536,ohc,four,1982.8347439999998,mpfi,89.916,77.978,9.31,110,5250,11.200476190476191,8.400357142857143,11850.0
2,saab,gas,std,four,sedan,fwd,front,251.714,473.964,168.91,142.494,1222.43044,ohc,four,1982.8347439999998,mpfi,89.916,77.978,9.3,110,5250,11.200476190476191,8.400357142857143,12170.0
3,saab,gas,std,two,hatchback,fwd,front,251.714,473.964,168.91,142.494,1227.873544,ohc,four,1982.8347439999998,mpfi,64.51599999999999,52.577999999999996,9.3,110,5250,11.200476190476191,8.400357142857143,15040.0
2,saab,gas,std,four,sedan,fwd,front,251.714,473.964,168.91,142.494,1251.006736,ohc,four,1982.8347439999998,mpfi,89.916,77.978,9.3,110,5250,11.200476190476191,8.400357142857143,15510.0
3,saab,gas,turbo,two,hatchback,fwd,front,251.714,473.964,168.91,142.494,1273.686336,dohc,four,1982.8347439999998,mpfi,89.916,77.978,9.0,160,5500,12.379473684210527,9.046538461538463,18150.0
2,saab,gas,turbo,four,sedan,fwd,front,251.714,473.964,168.91,142.494,1291.376424,dohc,four,1982.8347439999998,mpfi,89.916,77.978,9.0,160,5500,12.379473684210527,9.046538461538463,18620.0
2,subaru,gas,std,two,hatchback,fwd,front,237.99800000000002,398.526,161.036,136.398,929.8636,ohcf,four,1589.5452079999998,2bbl,91.948,59.943999999999996,9.0,69,4900,7.58741935483871,6.533611111111111,5118.0
2,subaru,gas,std,two,hatchback,fwd,front,237.99800000000002,401.06600000000003,161.544,136.398,961.61504,ohcf,four,1769.8029119999999,2bbl,91.948,67.056,8.7,73,4400,9.046538461538463,7.58741935483871,7053.0
2,subaru,gas,std,two,hatchback,4wd,front,236.982,399.54200000000003,162.052,141.478,1016.04608,ohcf,four,1769.8029119999999,2bbl,91.948,67.056,8.7,73,4400,9.046538461538463,7.58741935483871,7603.0
0,subaru,gas,std,four,sedan,fwd,front,246.888,436.88,166.116,133.35,972.95484,ohcf,four,1769.8029119999999,2bbl,91.948,67.056,9.5,82,4800,7.3503125,6.357027027027027,7126.0
0,subaru,gas,std,four,sedan,fwd,front,246.888,436.88,166.116,133.35,993.36648,ohcf,four,1769.8029119999999,2bbl,91.948,67.056,9.5,82,4400,8.400357142857143,7.127575757575758,7775.0
0,subaru,gas,std,four,sedan,fwd,front,246.888,436.88,166.116,133.35,1061.40528,ohcf,four,1769.8029119999999,mpfi,91.948,67.056,9.0,94,5200,9.046538461538463,7.3503125,9960.0
0,subaru,gas,std,four,sedan,4wd,front,246.38,436.88,166.116,137.922,1081.81692,ohcf,four,1769.8029119999999,2bbl,91.948,67.056,9.0,82,4800,9.800416666666667,9.4084,9233.0
0,subaru,gas,turbo,four,sedan,4wd,front,246.38,436.88,166.116,137.922,1138.51592,ohcf,four,1769.8029119999999,mpfi,91.948,67.056,7.7,111,4800,9.800416666666667,8.110689655172415,11259.0
0,subaru,gas,std,four,wagon,fwd,front,246.38,440.69,166.116,134.62,1038.72568,ohcf,four,1769.8029119999999,2bbl,91.948,67.056,9.0,82,4800,8.400357142857143,7.3503125,7463.0
0,subaru,gas,std,four,wagon,fwd,front,246.38,440.69,166.116,134.62,1113.56836,ohcf,four,1769.8029119999999,mpfi,91.948,67.056,9.0,94,5200,9.4084,7.58741935483871,10198.0
0,subaru,gas,std,four,wagon,4wd,front,246.126,440.944,166.116,139.446,1097.69264,ohcf,four,1769.8029119999999,2bbl,91.948,67.056,9.0,82,4800,10.226521739130435,8.110689655172415,8013.0
0,subaru,gas,turbo,four,wagon,4wd,front,246.126,440.944,166.116,139.446,1202.0188,ohcf,four,1769.8029119999999,mpfi,91.948,67.056,7.7,111,4800,10.226521739130435,10.226521739130435,11694.0
1,toyota,gas,std,two,hatchback,fwd,front,243.078,403.09799999999996,161.544,138.43,900.38012,ohc,four,1507.609888,2bbl,77.46999999999998,76.96199999999999,9.0,62,4800,6.720285714285715,6.031025641025641,5348.0
1,toyota,gas,std,two,hatchback,fwd,front,243.078,403.09799999999996,161.544,138.43,925.32768,ohc,four,1507.609888,2bbl,77.46999999999998,76.96199999999999,9.0,62,4800,7.58741935483871,6.189736842105264,6338.0
1,toyota,gas,std,four,hatchback,fwd,front,243.078,403.09799999999996,161.544,138.43,913.98788,ohc,four,1507.609888,2bbl,77.46999999999998,76.96199999999999,9.0,62,4800,7.58741935483871,6.189736842105264,6488.0
0,toyota,gas,std,four,wagon,fwd,front,243.078,431.03799999999995,161.544,150.114,1034.18976,ohc,four,1507.609888,2bbl,77.46999999999998,76.96199999999999,9.0,62,4800,7.58741935483871,6.357027027027027,6918.0
0,toyota,gas,std,four,wagon,4wd,front,243.078,431.03799999999995,161.544,150.114,1038.72568,ohc,four,1507.609888,2bbl,77.46999999999998,76.96199999999999,9.0,62,4800,8.711481481481481,7.3503125,7898.0
0,toyota,gas,std,four,wagon,4wd,front,243.078,431.03799999999995,161.544,150.114,1410.67112,ohc,four,1507.609888,2bbl,77.46999999999998,76.96199999999999,9.0,62,4800,8.711481481481481,7.3503125,8778.0
0,toyota,gas,std,four,sedan,fwd,front,243.078,422.40200000000004,163.57600000000002,134.62,943.924952,ohc,four,1605.9322719999998,2bbl,81.026,76.96199999999999,9.0,70,4800,7.840333333333334,6.357027027027027,6938.0
0,toyota,gas,std,four,hatchback,fwd,front,243.078,422.40200000000004,163.57600000000002,134.112,956.625528,ohc,four,1605.9322719999998,2bbl,81.026,76.96199999999999,9.0,70,4800,7.840333333333334,6.357027027027027,7198.0
0,toyota,diesel,std,four,sedan,fwd,front,243.078,422.40200000000004,163.57600000000002,134.62,1031.9218,ohc,four,1802.57704,idi,83.05799999999999,85.09,22.5,56,4500,6.917941176470588,6.533611111111111,7898.0
0,toyota,diesel,std,four,hatchback,fwd,front,243.078,422.40200000000004,163.57600000000002,134.112,1031.9218,ohc,four,1802.57704,idi,83.05799999999999,85.09,22.5,56,4500,6.189736842105264,5.004468085106383,7788.0
0,toyota,gas,std,four,sedan,fwd,front,243.078,422.40200000000004,163.57600000000002,134.62,949.821648,ohc,four,1605.9322719999998,2bbl,81.026,76.96199999999999,9.0,70,4800,6.189736842105264,5.004468085106383,7738.0
0,toyota,gas,std,four,hatchback,fwd,front,243.078,422.40200000000004,163.57600000000002,134.112,962.5222239999999,ohc,four,1605.9322719999998,2bbl,81.026,76.96199999999999,9.0,70,4800,8.400357142857143,6.917941176470588,8358.0
0,toyota,gas,std,four,sedan,fwd,front,243.078,422.40200000000004,163.57600000000002,134.112,970.68688,ohc,four,1605.9322719999998,2bbl,81.026,76.96199999999999,9.0,70,4800,8.400357142857143,6.917941176470588,9258.0
1,toyota,gas,std,two,sedan,rwd,front,240.03,428.498,162.56,133.604,983.841048,ohc,four,1605.9322719999998,2bbl,81.026,76.96199999999999,9.0,70,4800,8.110689655172415,6.917941176470588,8058.0
1,toyota,gas,std,two,hatchback,rwd,front,240.03,428.498,162.56,133.604,999.716768,ohc,four,1605.9322719999998,2bbl,81.026,76.96199999999999,9.0,70,4800,8.110689655172415,6.917941176470588,8238.0
1,toyota,gas,std,two,sedan,rwd,front,240.03,428.498,162.56,133.604,1027.38588,dohc,four,1605.9322719999998,mpfi,82.296,78.232,9.4,112,6600,9.046538461538463,8.110689655172415,9298.0
1,toyota,gas,std,two,hatchback,rwd,front,240.03,428.498,162.56,133.604,1043.2616,dohc,four,1605.9322719999998,mpfi,82.296,78.232,9.4,112,6600,9.046538461538463,8.110689655172415,9538.0
2,toyota,gas,std,two,hardtop,rwd,front,249.936,447.548,166.624,132.08,1152.12368,ohc,four,2392.511344,mpfi,91.948,88.89999999999999,9.3,116,4800,9.800416666666667,7.840333333333334,8449.0
2,toyota,gas,std,two,hardtop,rwd,front,249.936,447.548,166.624,132.08,1150.309312,ohc,four,2392.511344,mpfi,91.948,88.89999999999999,9.3,116,4800,9.800416666666667,7.840333333333334,9639.0
2,toyota,gas,std,two,hatchback,rwd,front,249.936,447.548,166.624,132.08,1157.113192,ohc,four,2392.511344,mpfi,91.948,88.89999999999999,9.3,116,4800,9.800416666666667,7.840333333333334,9989.0
2,toyota,gas,std,two,hardtop,rwd,front,249.936,447.548,166.624,132.08,1215.172968,ohc,four,2392.511344,mpfi,91.948,88.89999999999999,9.3,116,4800,9.800416666666667,7.840333333333334,11199.0
2,toyota,gas,std,two,hatchback,rwd,front,249.936,447.548,166.624,132.08,1231.048688,ohc,four,2392.511344,mpfi,91.948,88.89999999999999,9.3,116,4800,9.800416666666667,7.840333333333334,11549.0
2,toyota,gas,std,two,convertible,rwd,front,249.936,447.548,166.624,134.62,1349.4362,ohc,four,2392.511344,mpfi,91.948,88.89999999999999,9.3,116,4800,9.800416666666667,7.840333333333334,17669.0
-1,toyota,gas,std,four,sedan,fwd,front,260.096,446.024,168.91,139.446,1055.054992,ohc,four,1999.2218079999998,mpfi,84.074,89.916,8.7,92,4200,8.110689655172415,6.917941176470588,8948.0
-1,toyota,diesel,turbo,four,sedan,fwd,front,260.096,446.024,168.91,139.446,1124.90816,ohc,four,1802.57704,idi,83.05799999999999,85.09,22.5,73,4500,7.840333333333334,7.127575757575758,10698.0
-1,toyota,gas,std,four,hatchback,fwd,front,260.096,446.024,168.91,136.906,1094.971088,ohc,four,1999.2218079999998,mpfi,84.074,89.916,8.7,92,4200,8.711481481481481,7.3503125,9988.0
-1,toyota,gas,std,four,sedan,fwd,front,260.096,446.024,168.91,139.446,1094.971088,ohc,four,1999.2218079999998,mpfi,84.074,89.916,8.7,92,4200,8.711481481481481,7.3503125,10898.0
-1,toyota,gas,std,four,hatchback,fwd,front,260.096,446.024,168.91,136.906,1114.929136,ohc,four,1999.2218079999998,mpfi,84.074,89.916,8.7,92,4200,8.711481481481481,7.3503125,11248.0
3,toyota,gas,std,two,hatchback,rwd,front,261.36600000000004,466.09000000000003,171.958,132.08,1349.889792,dohc,six,2802.187944,mpfi,83.05799999999999,85.09,9.3,161,5200,11.7605,9.800416666666667,16558.0
3,toyota,gas,std,two,hatchback,rwd,front,261.36600000000004,466.09000000000003,171.958,132.08,1368.033472,dohc,six,2802.187944,mpfi,83.05799999999999,85.09,9.3,161,5200,12.379473684210527,9.800416666666667,15998.0
-1,toyota,gas,std,four,sedan,rwd,front,265.43,477.01200000000006,168.91,137.41400000000002,1420.1965519999999,dohc,six,2802.187944,mpfi,83.05799999999999,85.09,9.2,156,5200,11.7605,9.800416666666667,15690.0
-1,toyota,gas,std,four,wagon,rwd,front,265.43,477.01200000000006,168.91,137.41400000000002,1429.268392,dohc,six,2638.3173039999997,mpfi,83.05799999999999,85.09,9.2,156,5200,12.379473684210527,9.800416666666667,15750.0
2,volkswagen,diesel,std,two,sedan,fwd,front,247.142,436.118,166.37,141.478,1025.571512,ohc,four,1589.5452079999998,idi,76.454,86.36,23.0,52,4800,6.357027027027027,5.1132608695652175,7775.0
2,volkswagen,gas,std,two,sedan,fwd,front,247.142,436.118,166.37,141.478,1001.984728,ohc,four,1786.189976,mpfi,81.026,86.36,9.0,85,5250,8.711481481481481,6.917941176470588,7975.0
2,volkswagen,diesel,std,four,sedan,fwd,front,247.142,436.118,166.37,141.478,1026.932288,ohc,four,1589.5452079999998,idi,76.454,86.36,23.0,52,4800,6.357027027027027,5.1132608695652175,7995.0
2,volkswagen,gas,std,four,sedan,fwd,front,247.142,436.118,166.37,141.478,1003.345504,ohc,four,1786.189976,mpfi,81.026,86.36,9.0,85,5250,8.711481481481481,6.917941176470588,8195.0
2,volkswagen,gas,std,four,sedan,fwd,front,247.142,436.118,166.37,141.478,1031.9218,ohc,four,1786.189976,mpfi,81.026,86.36,9.0,85,5250,8.711481481481481,6.917941176470588,8495.0
2,volkswagen,diesel,turbo,four,sedan,fwd,front,247.142,436.118,166.37,141.478,1051.879848,ohc,four,1589.5452079999998,idi,76.454,86.36,23.0,68,4500,6.357027027027027,5.600238095238096,9495.0
2,volkswagen,gas,std,four,sedan,fwd,front,247.142,436.118,166.37,141.478,1043.2616,ohc,four,1786.189976,mpfi,81.026,86.36,10.0,100,5500,9.046538461538463,7.3503125,9995.0
3,volkswagen,gas,std,two,convertible,fwd,front,240.03,404.622,163.068,141.22400000000002,1022.3963679999999,ohc,four,1786.189976,mpfi,81.026,86.36,8.5,90,5500,9.800416666666667,8.110689655172415,11595.0
3,volkswagen,gas,std,two,hatchback,fwd,front,240.03,420.878,162.56,130.556,1007.427832,ohc,four,1786.189976,mpfi,81.026,86.36,8.5,90,5500,9.800416666666667,8.110689655172415,9980.0
0,volkswagen,gas,std,four,sedan,fwd,front,255.01600000000002,457.70799999999997,169.92600000000002,139.954,1207.008312,ohc,five,2228.640704,mpfi,81.026,86.36,8.5,110,5500,12.379473684210527,9.800416666666667,13295.0
0,volkswagen,diesel,turbo,four,sedan,fwd,front,255.01600000000002,457.70799999999997,169.92600000000002,139.954,1169.813768,ohc,four,1589.5452079999998,idi,76.454,86.36,23.0,68,4500,7.127575757575758,6.189736842105264,13845.0
0,volkswagen,gas,std,four,wagon,fwd,front,255.01600000000002,465.074,169.92600000000002,139.954,1162.556296,ohc,four,1786.189976,mpfi,81.026,86.36,9.0,88,5500,9.4084,7.58741935483871,12290.0
-2,volvo,gas,std,four,sedan,rwd,front,264.92199999999997,479.552,170.68800000000002,142.74800000000002,1320.859904,ohc,four,2310.576024,mpfi,96.01199999999999,80.00999999999999,9.5,114,5400,10.226521739130435,8.400357142857143,12940.0
-1,volvo,gas,std,four,wagon,rwd,front,264.92199999999997,479.552,170.68800000000002,146.05,1376.198128,ohc,four,2310.576024,mpfi,96.01199999999999,80.00999999999999,9.5,114,5400,10.226521739130435,8.400357142857143,13415.0
-2,volvo,gas,std,four,sedan,rwd,front,264.92199999999997,479.552,170.68800000000002,142.74800000000002,1331.29252,ohc,four,2310.576024,mpfi,96.01199999999999,80.00999999999999,9.5,114,5400,9.800416666666667,8.400357142857143,15985.0
-1,volvo,gas,std,four,wagon,rwd,front,264.92199999999997,479.552,170.68800000000002,146.05,1379.826864,ohc,four,2310.576024,mpfi,96.01199999999999,80.00999999999999,9.5,114,5400,9.800416666666667,8.400357142857143,16515.0
-2,volvo,gas,turbo,four,sedan,rwd,front,264.92199999999997,479.552,170.68800000000002,142.74800000000002,1381.1876399999999,ohc,four,2130.31832,mpfi,91.948,80.00999999999999,7.5,162,5100,13.835882352941177,10.691363636363636,18420.0
-1,volvo,gas,turbo,four,wagon,rwd,front,264.92199999999997,479.552,170.68800000000002,146.05,1431.989944,ohc,four,2130.31832,mpfi,91.948,80.00999999999999,7.5,162,5100,13.835882352941177,10.691363636363636,18950.0
-1,volvo,gas,std,four,sedan,rwd,front,277.114,479.552,175.00600000000003,140.97,1339.003584,ohc,four,2310.576024,mpfi,96.01199999999999,80.00999999999999,9.5,114,5400,10.226521739130435,8.400357142857143,16845.0
-1,volvo,gas,turbo,four,sedan,rwd,front,277.114,479.552,174.75199999999998,140.97,1383.002008,ohc,four,2310.576024,mpfi,96.01199999999999,80.00999999999999,8.7,160,5300,12.379473684210527,9.4084,19045.0
-1,volvo,gas,std,four,sedan,rwd,front,277.114,479.552,175.00600000000003,140.97,1366.219104,ohcv,six,2834.962072,mpfi,90.932,72.898,8.8,134,5500,13.067222222222222,10.226521739130435,21485.0
-1,volvo,diesel,turbo,four,sedan,rwd,front,277.114,479.552,175.00600000000003,140.97,1459.205464,ohc,six,2376.12428,idi,76.454,86.36,23.0,106,4800,9.046538461538463,8.711481481481481,22470.0
-1,volvo,gas,turbo,four,sedan,rwd,front,277.114,479.552,175.00600000000003,140.97,1388.898704,ohc,four,2310.576024,mpfi,96.01199999999999,80.00999999999999,9.5,114,5400,12.379473684210527,9.4084,22625.0
